username,password
load1@contoso.gov,Workshop!23
load2@contoso.gov,Workshop!23
load3@contoso.gov,Workshop!23
load4@contoso.gov,Workshop!23
load5@contoso.gov,Workshop!23
load6@contoso.gov,Workshop!23
load7@contoso.gov,Workshop!23
load8@contoso.gov,Workshop!23
load9@contoso.gov,Workshop!23
load10@contoso.gov,Workshop!23
load11@contoso.gov,Workshop!23
load12@contoso.gov,Workshop!23
load13@contoso.gov,Workshop!23
load14@contoso.gov,Workshop!23
load15@contoso.gov,Workshop!23
load16@contoso.gov,Workshop!23
load17@contoso.gov,Workshop!23
load18@contoso.gov,Workshop!23
load19@contoso.gov,Workshop!23
load20@contoso.gov,Workshop!23
load21@contoso.gov,Workshop!23
load22@contoso.gov,Workshop!23
load23@contoso.gov,Workshop!23
load24@contoso.gov,Workshop!23
load25@contoso.gov,Workshop!23
load26@contoso.gov,Workshop!23
load27@contoso.gov,Workshop!23
load28@contoso.gov,Workshop!23
load29@contoso.gov,Workshop!23
load30@contoso.gov,Workshop!23
load31@contoso.gov,Workshop!23
load32@contoso.gov,Workshop!23
load33@contoso.gov,Workshop!23
load34@contoso.gov,Workshop!23
load35@contoso.gov,Workshop!23
load36@contoso.gov,Workshop!23
load37@contoso.gov,Workshop!23
load38@contoso.gov,Workshop!23
load39@contoso.gov,Workshop!23
load40@contoso.gov,Workshop!23
load41@contoso.gov,Workshop!23
load42@contoso.gov,Workshop!23
load43@contoso.gov,Workshop!23
load44@contoso.gov,Workshop!23
load45@contoso.gov,Workshop!23
load46@contoso.gov,Workshop!23
load47@contoso.gov,Workshop!23
load48@contoso.gov,Workshop!23
load49@contoso.gov,Workshop!23
load50@contoso.gov,Workshop!23
load51@contoso.gov,Workshop!23
load52@contoso.gov,Workshop!23
load53@contoso.gov,Workshop!23
load54@contoso.gov,Workshop!23
load55@contoso.gov,Workshop!23
load56@contoso.gov,Workshop!23
load57@contoso.gov,Workshop!23
load58@contoso.gov,Workshop!23
load59@contoso.gov,Workshop!23
load60@contoso.gov,Workshop!23
load61@contoso.gov,Workshop!23
load62@contoso.gov,Workshop!23
load63@contoso.gov,Workshop!23
load64@contoso.gov,Workshop!23
load65@contoso.gov,Workshop!23
load66@contoso.gov,Workshop!23
load67@contoso.gov,Workshop!23
load68@contoso.gov,Workshop!23
load69@contoso.gov,Workshop!23
load70@contoso.gov,Workshop!23
load71@contoso.gov,Workshop!23
load72@contoso.gov,Workshop!23
load73@contoso.gov,Workshop!23
load74@contoso.gov,Workshop!23
load75@contoso.gov,Workshop!23
load76@contoso.gov,Workshop!23
load77@contoso.gov,Workshop!23
load78@contoso.gov,Workshop!23
load79@contoso.gov,Workshop!23
load80@contoso.gov,Workshop!23
load81@contoso.gov,Workshop!23
load82@contoso.gov,Workshop!23
load83@contoso.gov,Workshop!23
load84@contoso.gov,Workshop!23
load85@contoso.gov,Workshop!23
load86@contoso.gov,Workshop!23
load87@contoso.gov,Workshop!23
load88@contoso.gov,Workshop!23
load89@contoso.gov,Workshop!23
load90@contoso.gov,Workshop!23
load91@contoso.gov,Workshop!23
load92@contoso.gov,Workshop!23
load93@contoso.gov,Workshop!23
load94@contoso.gov,Workshop!23
load95@contoso.gov,Workshop!23
load96@contoso.gov,Workshop!23
load97@contoso.gov,Workshop!23
load98@contoso.gov,Workshop!23
load99@contoso.gov,Workshop!23
load100@contoso.gov,Workshop!23
load101@contoso.gov,Workshop!23
load102@contoso.gov,Workshop!23
load103@contoso.gov,Workshop!23
load104@contoso.gov,Workshop!23
load105@contoso.gov,Workshop!23
load106@contoso.gov,Workshop!23
load107@contoso.gov,Workshop!23
load108@contoso.gov,Workshop!23
load109@contoso.gov,Workshop!23
load110@contoso.gov,Workshop!23
load111@contoso.gov,Workshop!23
load112@contoso.gov,Workshop!23
load113@contoso.gov,Workshop!23
load114@contoso.gov,Workshop!23
load115@contoso.gov,Workshop!23
load116@contoso.gov,Workshop!23
load117@contoso.gov,Workshop!23
load118@contoso.gov,Workshop!23
load119@contoso.gov,Workshop!23
load120@contoso.gov,Workshop!23
load121@contoso.gov,Workshop!23
load122@contoso.gov,Workshop!23
load123@contoso.gov,Workshop!23
load124@contoso.gov,Workshop!23
load125@contoso.gov,Workshop!23
load126@contoso.gov,Workshop!23
load127@contoso.gov,Workshop!23
load128@contoso.gov,Workshop!23
load129@contoso.gov,Workshop!23
load130@contoso.gov,Workshop!23
load131@contoso.gov,Workshop!23
load132@contoso.gov,Workshop!23
load133@contoso.gov,Workshop!23
load134@contoso.gov,Workshop!23
load135@contoso.gov,Workshop!23
load136@contoso.gov,Workshop!23
load137@contoso.gov,Workshop!23
load138@contoso.gov,Workshop!23
load139@contoso.gov,Workshop!23
load140@contoso.gov,Workshop!23
load141@contoso.gov,Workshop!23
load142@contoso.gov,Workshop!23
load143@contoso.gov,Workshop!23
load144@contoso.gov,Workshop!23
load145@contoso.gov,Workshop!23
load146@contoso.gov,Workshop!23
load147@contoso.gov,Workshop!23
load148@contoso.gov,Workshop!23
load149@contoso.gov,Workshop!23
load150@contoso.gov,Workshop!23
load151@contoso.gov,Workshop!23
load152@contoso.gov,Workshop!23
load153@contoso.gov,Workshop!23
load154@contoso.gov,Workshop!23
load155@contoso.gov,Workshop!23
load156@contoso.gov,Workshop!23
load157@contoso.gov,Workshop!23
load158@contoso.gov,Workshop!23
load159@contoso.gov,Workshop!23
load160@contoso.gov,Workshop!23
load161@contoso.gov,Workshop!23
load162@contoso.gov,Workshop!23
load163@contoso.gov,Workshop!23
load164@contoso.gov,Workshop!23
load165@contoso.gov,Workshop!23
load166@contoso.gov,Workshop!23
load167@contoso.gov,Workshop!23
load168@contoso.gov,Workshop!23
load169@contoso.gov,Workshop!23
load170@contoso.gov,Workshop!23
load171@contoso.gov,Workshop!23
load172@contoso.gov,Workshop!23
load173@contoso.gov,Workshop!23
load174@contoso.gov,Workshop!23
load175@contoso.gov,Workshop!23
load176@contoso.gov,Workshop!23
load177@contoso.gov,Workshop!23
load178@contoso.gov,Workshop!23
load179@contoso.gov,Workshop!23
load180@contoso.gov,Workshop!23
load181@contoso.gov,Workshop!23
load182@contoso.gov,Workshop!23
load183@contoso.gov,Workshop!23
load184@contoso.gov,Workshop!23
load185@contoso.gov,Workshop!23
load186@contoso.gov,Workshop!23
load187@contoso.gov,Workshop!23
load188@contoso.gov,Workshop!23
load189@contoso.gov,Workshop!23
load190@contoso.gov,Workshop!23
load191@contoso.gov,Workshop!23
load192@contoso.gov,Workshop!23
load193@contoso.gov,Workshop!23
load194@contoso.gov,Workshop!23
load195@contoso.gov,Workshop!23
load196@contoso.gov,Workshop!23
load197@contoso.gov,Workshop!23
load198@contoso.gov,Workshop!23
load199@contoso.gov,Workshop!23
load200@contoso.gov,Workshop!23
load201@contoso.gov,Workshop!23
load202@contoso.gov,Workshop!23
load203@contoso.gov,Workshop!23
load204@contoso.gov,Workshop!23
load205@contoso.gov,Workshop!23
load206@contoso.gov,Workshop!23
load207@contoso.gov,Workshop!23
load208@contoso.gov,Workshop!23
load209@contoso.gov,Workshop!23
load210@contoso.gov,Workshop!23
load211@contoso.gov,Workshop!23
load212@contoso.gov,Workshop!23
load213@contoso.gov,Workshop!23
load214@contoso.gov,Workshop!23
load215@contoso.gov,Workshop!23
load216@contoso.gov,Workshop!23
load217@contoso.gov,Workshop!23
load218@contoso.gov,Workshop!23
load219@contoso.gov,Workshop!23
load220@contoso.gov,Workshop!23
load221@contoso.gov,Workshop!23
load222@contoso.gov,Workshop!23
load223@contoso.gov,Workshop!23
load224@contoso.gov,Workshop!23
load225@contoso.gov,Workshop!23
load226@contoso.gov,Workshop!23
load227@contoso.gov,Workshop!23
load228@contoso.gov,Workshop!23
load229@contoso.gov,Workshop!23
load230@contoso.gov,Workshop!23
load231@contoso.gov,Workshop!23
load232@contoso.gov,Workshop!23
load233@contoso.gov,Workshop!23
load234@contoso.gov,Workshop!23
load235@contoso.gov,Workshop!23
load236@contoso.gov,Workshop!23
load237@contoso.gov,Workshop!23
load238@contoso.gov,Workshop!23
load239@contoso.gov,Workshop!23
load240@contoso.gov,Workshop!23
load241@contoso.gov,Workshop!23
load242@contoso.gov,Workshop!23
load243@contoso.gov,Workshop!23
load244@contoso.gov,Workshop!23
load245@contoso.gov,Workshop!23
load246@contoso.gov,Workshop!23
load247@contoso.gov,Workshop!23
load248@contoso.gov,Workshop!23
load249@contoso.gov,Workshop!23
load250@contoso.gov,Workshop!23
load251@contoso.gov,Workshop!23
load252@contoso.gov,Workshop!23
load253@contoso.gov,Workshop!23
load254@contoso.gov,Workshop!23
load255@contoso.gov,Workshop!23
load256@contoso.gov,Workshop!23
load257@contoso.gov,Workshop!23
load258@contoso.gov,Workshop!23
load259@contoso.gov,Workshop!23
load260@contoso.gov,Workshop!23
load261@contoso.gov,Workshop!23
load262@contoso.gov,Workshop!23
load263@contoso.gov,Workshop!23
load264@contoso.gov,Workshop!23
load265@contoso.gov,Workshop!23
load266@contoso.gov,Workshop!23
load267@contoso.gov,Workshop!23
load268@contoso.gov,Workshop!23
load269@contoso.gov,Workshop!23
load270@contoso.gov,Workshop!23
load271@contoso.gov,Workshop!23
load272@contoso.gov,Workshop!23
load273@contoso.gov,Workshop!23
load274@contoso.gov,Workshop!23
load275@contoso.gov,Workshop!23
load276@contoso.gov,Workshop!23
load277@contoso.gov,Workshop!23
load278@contoso.gov,Workshop!23
load279@contoso.gov,Workshop!23
load280@contoso.gov,Workshop!23
load281@contoso.gov,Workshop!23
load282@contoso.gov,Workshop!23
load283@contoso.gov,Workshop!23
load284@contoso.gov,Workshop!23
load285@contoso.gov,Workshop!23
load286@contoso.gov,Workshop!23
load287@contoso.gov,Workshop!23
load288@contoso.gov,Workshop!23
load289@contoso.gov,Workshop!23
load290@contoso.gov,Workshop!23
load291@contoso.gov,Workshop!23
load292@contoso.gov,Workshop!23
load293@contoso.gov,Workshop!23
load294@contoso.gov,Workshop!23
load295@contoso.gov,Workshop!23
load296@contoso.gov,Workshop!23
load297@contoso.gov,Workshop!23
load298@contoso.gov,Workshop!23
load299@contoso.gov,Workshop!23
load300@contoso.gov,Workshop!23
load301@contoso.gov,Workshop!23
load302@contoso.gov,Workshop!23
load303@contoso.gov,Workshop!23
load304@contoso.gov,Workshop!23
load305@contoso.gov,Workshop!23
load306@contoso.gov,Workshop!23
load307@contoso.gov,Workshop!23
load308@contoso.gov,Workshop!23
load309@contoso.gov,Workshop!23
load310@contoso.gov,Workshop!23
load311@contoso.gov,Workshop!23
load312@contoso.gov,Workshop!23
load313@contoso.gov,Workshop!23
load314@contoso.gov,Workshop!23
load315@contoso.gov,Workshop!23
load316@contoso.gov,Workshop!23
load317@contoso.gov,Workshop!23
load318@contoso.gov,Workshop!23
load319@contoso.gov,Workshop!23
load320@contoso.gov,Workshop!23
load321@contoso.gov,Workshop!23
load322@contoso.gov,Workshop!23
load323@contoso.gov,Workshop!23
load324@contoso.gov,Workshop!23
load325@contoso.gov,Workshop!23
load326@contoso.gov,Workshop!23
load327@contoso.gov,Workshop!23
load328@contoso.gov,Workshop!23
load329@contoso.gov,Workshop!23
load330@contoso.gov,Workshop!23
load331@contoso.gov,Workshop!23
load332@contoso.gov,Workshop!23
load333@contoso.gov,Workshop!23
load334@contoso.gov,Workshop!23
load335@contoso.gov,Workshop!23
load336@contoso.gov,Workshop!23
load337@contoso.gov,Workshop!23
load338@contoso.gov,Workshop!23
load339@contoso.gov,Workshop!23
load340@contoso.gov,Workshop!23
load341@contoso.gov,Workshop!23
load342@contoso.gov,Workshop!23
load343@contoso.gov,Workshop!23
load344@contoso.gov,Workshop!23
load345@contoso.gov,Workshop!23
load346@contoso.gov,Workshop!23
load347@contoso.gov,Workshop!23
load348@contoso.gov,Workshop!23
load349@contoso.gov,Workshop!23
load350@contoso.gov,Workshop!23
load351@contoso.gov,Workshop!23
load352@contoso.gov,Workshop!23
load353@contoso.gov,Workshop!23
load354@contoso.gov,Workshop!23
load355@contoso.gov,Workshop!23
load356@contoso.gov,Workshop!23
load357@contoso.gov,Workshop!23
load358@contoso.gov,Workshop!23
load359@contoso.gov,Workshop!23
load360@contoso.gov,Workshop!23
load361@contoso.gov,Workshop!23
load362@contoso.gov,Workshop!23
load363@contoso.gov,Workshop!23
load364@contoso.gov,Workshop!23
load365@contoso.gov,Workshop!23
load366@contoso.gov,Workshop!23
load367@contoso.gov,Workshop!23
load368@contoso.gov,Workshop!23
load369@contoso.gov,Workshop!23
load370@contoso.gov,Workshop!23
load371@contoso.gov,Workshop!23
load372@contoso.gov,Workshop!23
load373@contoso.gov,Workshop!23
load374@contoso.gov,Workshop!23
load375@contoso.gov,Workshop!23
load376@contoso.gov,Workshop!23
load377@contoso.gov,Workshop!23
load378@contoso.gov,Workshop!23
load379@contoso.gov,Workshop!23
load380@contoso.gov,Workshop!23
load381@contoso.gov,Workshop!23
load382@contoso.gov,Workshop!23
load383@contoso.gov,Workshop!23
load384@contoso.gov,Workshop!23
load385@contoso.gov,Workshop!23
load386@contoso.gov,Workshop!23
load387@contoso.gov,Workshop!23
load388@contoso.gov,Workshop!23
load389@contoso.gov,Workshop!23
load390@contoso.gov,Workshop!23
load391@contoso.gov,Workshop!23
load392@contoso.gov,Workshop!23
load393@contoso.gov,Workshop!23
load394@contoso.gov,Workshop!23
load395@contoso.gov,Workshop!23
load396@contoso.gov,Workshop!23
load397@contoso.gov,Workshop!23
load398@contoso.gov,Workshop!23
load399@contoso.gov,Workshop!23
load400@contoso.gov,Workshop!23
load401@contoso.gov,Workshop!23
load402@contoso.gov,Workshop!23
load403@contoso.gov,Workshop!23
load404@contoso.gov,Workshop!23
load405@contoso.gov,Workshop!23
load406@contoso.gov,Workshop!23
load407@contoso.gov,Workshop!23
load408@contoso.gov,Workshop!23
load409@contoso.gov,Workshop!23
load410@contoso.gov,Workshop!23
load411@contoso.gov,Workshop!23
load412@contoso.gov,Workshop!23
load413@contoso.gov,Workshop!23
load414@contoso.gov,Workshop!23
load415@contoso.gov,Workshop!23
load416@contoso.gov,Workshop!23
load417@contoso.gov,Workshop!23
load418@contoso.gov,Workshop!23
load419@contoso.gov,Workshop!23
load420@contoso.gov,Workshop!23
load421@contoso.gov,Workshop!23
load422@contoso.gov,Workshop!23
load423@contoso.gov,Workshop!23
load424@contoso.gov,Workshop!23
load425@contoso.gov,Workshop!23
load426@contoso.gov,Workshop!23
load427@contoso.gov,Workshop!23
load428@contoso.gov,Workshop!23
load429@contoso.gov,Workshop!23
load430@contoso.gov,Workshop!23
load431@contoso.gov,Workshop!23
load432@contoso.gov,Workshop!23
load433@contoso.gov,Workshop!23
load434@contoso.gov,Workshop!23
load435@contoso.gov,Workshop!23
load436@contoso.gov,Workshop!23
load437@contoso.gov,Workshop!23
load438@contoso.gov,Workshop!23
load439@contoso.gov,Workshop!23
load440@contoso.gov,Workshop!23
load441@contoso.gov,Workshop!23
load442@contoso.gov,Workshop!23
load443@contoso.gov,Workshop!23
load444@contoso.gov,Workshop!23
load445@contoso.gov,Workshop!23
load446@contoso.gov,Workshop!23
load447@contoso.gov,Workshop!23
load448@contoso.gov,Workshop!23
load449@contoso.gov,Workshop!23
load450@contoso.gov,Workshop!23
load451@contoso.gov,Workshop!23
load452@contoso.gov,Workshop!23
load453@contoso.gov,Workshop!23
load454@contoso.gov,Workshop!23
load455@contoso.gov,Workshop!23
load456@contoso.gov,Workshop!23
load457@contoso.gov,Workshop!23
load458@contoso.gov,Workshop!23
load459@contoso.gov,Workshop!23
load460@contoso.gov,Workshop!23
load461@contoso.gov,Workshop!23
load462@contoso.gov,Workshop!23
load463@contoso.gov,Workshop!23
load464@contoso.gov,Workshop!23
load465@contoso.gov,Workshop!23
load466@contoso.gov,Workshop!23
load467@contoso.gov,Workshop!23
load468@contoso.gov,Workshop!23
load469@contoso.gov,Workshop!23
load470@contoso.gov,Workshop!23
load471@contoso.gov,Workshop!23
load472@contoso.gov,Workshop!23
load473@contoso.gov,Workshop!23
load474@contoso.gov,Workshop!23
load475@contoso.gov,Workshop!23
load476@contoso.gov,Workshop!23
load477@contoso.gov,Workshop!23
load478@contoso.gov,Workshop!23
load479@contoso.gov,Workshop!23
load480@contoso.gov,Workshop!23
load481@contoso.gov,Workshop!23
load482@contoso.gov,Workshop!23
load483@contoso.gov,Workshop!23
load484@contoso.gov,Workshop!23
load485@contoso.gov,Workshop!23
load486@contoso.gov,Workshop!23
load487@contoso.gov,Workshop!23
load488@contoso.gov,Workshop!23
load489@contoso.gov,Workshop!23
load490@contoso.gov,Workshop!23
load491@contoso.gov,Workshop!23
load492@contoso.gov,Workshop!23
load493@contoso.gov,Workshop!23
load494@contoso.gov,Workshop!23
load495@contoso.gov,Workshop!23
load496@contoso.gov,Workshop!23
load497@contoso.gov,Workshop!23
load498@contoso.gov,Workshop!23
load499@contoso.gov,Workshop!23
load500@contoso.gov,Workshop!23
